{"_wandb":{"runtime":24},"train/epoch":0,"_timestamp":1.7606577834908812e+09,"train/learning_rate":9.04392764857881e-06,"train/global_step":14,"train/loss":2.9263,"_step":13,"_runtime":23.96366796,"train/grad_norm":11.96641691043161}